pair,htmt
IQ <-> BEN,1.0193167840405108
PE <-> BEN,0.8643015213920543
PE <-> IQ,0.9238831355051629
